mean_fit_time,std_fit_time,mean_score_time,std_score_time,param_colsample_bytree,param_learning_rate,param_min_child_samples,param_n_estimators,param_num_leaves,params,split0_test_macro_f1,split1_test_macro_f1,split2_test_macro_f1,split3_test_macro_f1,split4_test_macro_f1,mean_test_macro_f1,std_test_macro_f1,rank_test_macro_f1,split0_train_macro_f1,split1_train_macro_f1,split2_train_macro_f1,split3_train_macro_f1,split4_train_macro_f1,mean_train_macro_f1,std_train_macro_f1,split0_test_balanced_accuracy,split1_test_balanced_accuracy,split2_test_balanced_accuracy,split3_test_balanced_accuracy,split4_test_balanced_accuracy,mean_test_balanced_accuracy,std_test_balanced_accuracy,rank_test_balanced_accuracy,split0_train_balanced_accuracy,split1_train_balanced_accuracy,split2_train_balanced_accuracy,split3_train_balanced_accuracy,split4_train_balanced_accuracy,mean_train_balanced_accuracy,std_train_balanced_accuracy,split0_test_accuracy,split1_test_accuracy,split2_test_accuracy,split3_test_accuracy,split4_test_accuracy,mean_test_accuracy,std_test_accuracy,rank_test_accuracy,split0_train_accuracy,split1_train_accuracy,split2_train_accuracy,split3_train_accuracy,split4_train_accuracy,mean_train_accuracy,std_train_accuracy
0.7115996360778809,0.003950936284358862,0.014606380462646484,0.0005445435376825055,0.7,0.03,10,200,15,"{'colsample_bytree': 0.7, 'learning_rate': 0.03, 'min_child_samples': 10, 'n_estimators': 200, 'num_leaves': 15}",0.9061272640952971,0.9231701504732076,0.9021861618210503,0.8249239744305841,0.9132247929163096,0.8939264687472898,0.03523079447115277,31,1.0,1.0,1.0,1.0,0.998407335243553,0.9996814670487106,0.000637065902578815,0.9102243664264125,0.953088578088578,0.8980253375364302,0.8115148991851544,0.9303515137096294,0.9006409389892409,0.048323094935803106,5,1.0,1.0,1.0,1.0,0.9996801023672425,0.9999360204734484,0.0001279590531030106,0.9655172413793104,0.9700460829493087,0.9654377880184332,0.9400921658986175,0.967741935483871,0.9617670427459082,0.01096886955807785,40,1.0,1.0,1.0,1.0,0.9994242947610823,0.9998848589522165,0.00023028209556708032
1.1625607490539551,0.017284805496153,0.018540000915527342,0.0016170348668167287,0.7,0.03,10,200,31,"{'colsample_bytree': 0.7, 'learning_rate': 0.03, 'min_child_samples': 10, 'n_estimators': 200, 'num_leaves': 31}",0.8838692453725676,0.9202059202059202,0.9021861618210503,0.8079515283545511,0.9392088749439713,0.8906843461396121,0.045276063724949536,38,1.0,1.0,1.0,1.0,1.0,1.0,0.0,0.8761334573355033,0.9329254079254079,0.8980253375364302,0.7701183607922442,0.9665140070183786,0.8887433141215929,0.06680925397841936,31,1.0,1.0,1.0,1.0,1.0,1.0,0.0,0.9586206896551724,0.9700460829493087,0.9654377880184332,0.9400921658986175,0.9769585253456221,0.9622310503734308,0.012581107501706676,35,1.0,1.0,1.0,1.0,1.0,1.0,0.0
2.205212879180908,0.02949467360430959,0.028331995010375977,0.0017831982883445912,0.7,0.03,10,200,63,"{'colsample_bytree': 0.7, 'learning_rate': 0.03, 'min_child_samples': 10, 'n_estimators': 200, 'num_leaves': 63}",0.889171974522293,0.9256212510711226,0.8891443167305236,0.8079515283545511,0.9324819324819325,0.8888742006320847,0.044273288817504516,42,1.0,1.0,1.0,1.0,1.0,1.0,0.0,0.87741222971402,0.9342074592074592,0.8851186581811693,0.7701183607922442,0.9548861000416344,0.8843485615873055,0.06412284854151937,39,1.0,1.0,1.0,1.0,1.0,1.0,0.0,0.960919540229885,0.9723502304147466,0.9608294930875576,0.9400921658986175,0.9746543778801844,0.9617691615021983,0.012243241334492396,38,1.0,1.0,1.0,1.0,1.0,1.0,0.0
1.4207163810729981,0.02269136550700773,0.024586057662963866,0.0011849117333165944,0.7,0.03,10,400,15,"{'colsample_bytree': 0.7, 'learning_rate': 0.03, 'min_child_samples': 10, 'n_estimators': 400, 'num_leaves': 15}",0.8967726625533934,0.9392088749439713,0.9021861618210503,0.8259293128619788,0.9311419134297789,0.8990477851220346,0.04001070552782452,14,1.0,1.0,1.0,1.0,1.0,1.0,0.0,0.8887758660776564,0.9569347319347319,0.8980253375364302,0.8024445369654434,0.9445369654434068,0.8981434875915337,0.054506551242601155,9,1.0,1.0,1.0,1.0,1.0,1.0,0.0,0.9632183908045977,0.9769585253456221,0.9654377880184332,0.9423963133640553,0.9746543778801844,0.9645330790825785,0.012242677029064055,20,1.0,1.0,1.0,1.0,1.0,1.0,0.0
2.476427984237671,0.050161654888860444,0.034126567840576175,0.002736581131659303,0.7,0.03,10,400,31,"{'colsample_bytree': 0.7, 'learning_rate': 0.03, 'min_child_samples': 10, 'n_estimators': 400, 'num_leaves': 31}",0.8814067611777535,0.9241258741258742,0.8967465651579135,0.8321647751155947,0.9447579447579448,0.8958403840670162,0.03861795049205417,28,1.0,1.0,1.0,1.0,1.0,1.0,0.0,0.8660485933503836,0.9241258741258742,0.8967465651579135,0.794652947124249,0.9677927793968952,0.8898733518310632,0.058183258977771345,27,1.0,1.0,1.0,1.0,1.0,1.0,0.0,0.9586206896551724,0.9723502304147466,0.9631336405529954,0.9470046082949308,0.9792626728110599,0.964074368345781,0.01114610939968447,26,1.0,1.0,1.0,1.0,1.0,1.0,0.0
4.578168964385986,0.08078951175790182,0.05060148239135742,0.0035284550162216887,0.7,0.03,10,400,63,"{'colsample_bytree': 0.7, 'learning_rate': 0.03, 'min_child_samples': 10, 'n_estimators': 400, 'num_leaves': 63}",0.8814067611777535,0.9241258741258742,0.9000844140894789,0.8182579564489112,0.9241258741258742,0.8896001759935783,0.03911728837074481,39,1.0,1.0,1.0,1.0,1.0,1.0,0.0,0.8660485933503836,0.9241258741258742,0.8876762029382026,0.7726759055492773,0.9329090584666627,0.8766871268860801,0.05738224931557778,48,1.0,1.0,1.0,1.0,1.0,1.0,0.0,0.9586206896551724,0.9723502304147466,0.9654377880184332,0.9447004608294931,0.9723502304147466,0.9626918798665184,0.010338019451582255,32,1.0,1.0,1.0,1.0,1.0,1.0,0.0
0.7335480690002442,0.018975655375225057,0.017076396942138673,0.00089411442453912,0.7,0.03,30,200,15,"{'colsample_bytree': 0.7, 'learning_rate': 0.03, 'min_child_samples': 30, 'n_estimators': 200, 'num_leaves': 15}",0.883409273653176,0.91801597582038,0.8735431235431235,0.8369769363684172,0.9324819324819325,0.8888854483734059,0.033790857033524205,41,0.9936450992953235,0.9889635503983343,0.9859512621217881,0.9874811713068734,0.9905638852672751,0.989320993677919,0.0026499234596065666,0.8950244129272262,0.9518065268065268,0.8812823410456194,0.8334919407601261,0.9548861000416344,0.9032982643162267,0.04569559415817469,2,0.9987204094689699,0.9977621483375959,0.9971209213051824,0.9974408189379398,0.9980806142034548,0.9978249824506286,0.0005503397069079537,0.9563218390804598,0.967741935483871,0.9539170506912442,0.9423963133640553,0.9746543778801844,0.9590063032999628,0.011226505365899043,44,0.9976958525345622,0.9959700633275763,0.9948186528497409,0.9953943580886586,0.9965457685664939,0.9960849390734066,0.000990049022498621
1.339864683151245,0.13096989251899394,0.027811527252197266,0.005800677782227919,0.7,0.03,30,200,31,"{'colsample_bytree': 0.7, 'learning_rate': 0.03, 'min_child_samples': 30, 'n_estimators': 200, 'num_leaves': 31}",0.8936108993080032,0.9217204301075269,0.8735431235431235,0.8518587475951096,0.9270506499327655,0.8935567700973058,0.02847562392842127,33,0.9983990778097982,1.0,1.0,1.0,1.0,0.9996798155619597,0.0006403688760807213,0.8975819576842595,0.943006993006993,0.8812823410456194,0.837328257895676,0.9536073276631178,0.9025613754591332,0.04236623360468874,4,0.9996801023672425,1.0,1.0,1.0,1.0,0.9999360204734484,0.0001279590531030106,0.960919540229885,0.9700460829493087,0.9539170506912442,0.9493087557603687,0.9723502304147466,0.9613083320091107,0.008911159751795775,41,0.9994239631336406,1.0,1.0,1.0,1.0,0.9998847926267281,0.00023041474654377227
2.1763937950134276,0.04740294766234753,0.03346958160400391,0.0014499465560404046,0.7,0.03,30,200,63,"{'colsample_bytree': 0.7, 'learning_rate': 0.03, 'min_child_samples': 30, 'n_estimators': 200, 'num_leaves': 63}",0.8936108993080032,0.9284182747814613,0.8760354184518708,0.8550170068027212,0.9270506499327655,0.8960264498553645,0.02863208673148306,27,0.9983990778097982,1.0,1.0,1.0,1.0,0.9996798155619597,0.0006403688760807213,0.8975819576842595,0.9543706293706293,0.891631475643847,0.8476773924939035,0.9536073276631178,0.9089737565711516,0.04059754615029106,1,0.9996801023672425,1.0,1.0,1.0,1.0,0.9999360204734484,0.0001279590531030106,0.960919540229885,0.9723502304147466,0.9539170506912442,0.9493087557603687,0.9723502304147466,0.9617691615021983,0.009397417202711396,38,0.9994239631336406,1.0,1.0,1.0,1.0,0.9998847926267281,0.00023041474654377227
1.4319100856781006,0.08982221693362961,0.029414939880371093,0.0015474321882453918,0.7,0.03,30,400,15,"{'colsample_bytree': 0.7, 'learning_rate': 0.03, 'min_child_samples': 30, 'n_estimators': 400, 'num_leaves': 15}",0.8967726625533934,0.9256212510711226,0.8945578231292517,0.8450503083414476,0.9447579447579448,0.901351997970632,0.033793739782091416,7,1.0,1.0,1.0,1.0,1.0,1.0,0.0,0.8887758660776564,0.9342074592074592,0.886397430559686,0.8166299886992209,0.9677927793968952,0.8987607047881834,0.051029210855456586,7,1.0,1.0,1.0,1.0,1.0,1.0,0.0,0.9632183908045977,0.9723502304147466,0.9631336405529954,0.9493087557603687,0.9792626728110599,0.9654547380687537,0.010092456232331886,12,1.0,1.0,1.0,1.0,1.0,1.0,0.0
2.644115924835205,0.07449721117708484,0.050432443618774414,0.011788110916931592,0.7,0.03,30,400,31,"{'colsample_bytree': 0.7, 'learning_rate': 0.03, 'min_child_samples': 30, 'n_estimators': 400, 'num_leaves': 31}",0.8967726625533934,0.9270506499327655,0.8813775510204082,0.8537806228040622,0.9241258741258742,0.8966214720873007,0.027386731645854565,26,1.0,1.0,1.0,1.0,1.0,1.0,0.0,0.8887758660776564,0.9442890442890443,0.8734907512044252,0.828257895675965,0.9329090584666627,0.8935445231427508,0.041980497026071185,15,1.0,1.0,1.0,1.0,1.0,1.0,0.0,0.9632183908045977,0.9723502304147466,0.9585253456221198,0.9516129032258065,0.9723502304147466,0.9636114200964034,0.008033936074380188,30,1.0,1.0,1.0,1.0,1.0,1.0,0.0
5.417137289047242,0.27934230773728613,0.07827434539794922,0.010006506033821477,0.7,0.03,30,400,63,"{'colsample_bytree': 0.7, 'learning_rate': 0.03, 'min_child_samples': 30, 'n_estimators': 400, 'num_leaves': 63}",0.9042145593869731,0.9324819324819325,0.8945578231292517,0.8398549678330205,0.9241258741258742,0.8990470313914104,0.03254964727470757,15,1.0,1.0,1.0,1.0,1.0,1.0,0.0,0.9001395024412928,0.9455710955710955,0.886397430559686,0.8153512163207042,0.9329090584666627,0.8960736606718884,0.045679571173137506,12,1.0,1.0,1.0,1.0,1.0,1.0,0.0,0.9655172413793104,0.9746543778801844,0.9631336405529954,0.9470046082949308,0.9723502304147466,0.9645320197044335,0.009733682041928766,25,1.0,1.0,1.0,1.0,1.0,1.0,0.0
0.8178555965423584,0.06363535499452673,0.018344783782958986,0.004106126216208671,0.7,0.08,10,200,15,"{'colsample_bytree': 0.7, 'learning_rate': 0.08, 'min_child_samples': 10, 'n_estimators': 200, 'num_leaves': 15}",0.8945837877135587,0.9311419134297789,0.9000844140894789,0.8413742690058479,0.9311419134297789,0.8996652595336887,0.032879769172260764,12,1.0,1.0,1.0,1.0,1.0,1.0,0.0,0.8786910020925366,0.9354895104895105,0.8876762029382026,0.8062808541009933,0.9445369654434068,0.8905349070129299,0.04936463185987074,23,1.0,1.0,1.0,1.0,1.0,1.0,0.0,0.9632183908045977,0.9746543778801844,0.9654377880184332,0.9493087557603687,0.9746543778801844,0.9654547380687537,0.009326961203016846,12,1.0,1.0,1.0,1.0,1.0,1.0,0.0
1.299816608428955,0.04774185742411817,0.02213253974914551,0.0010947628040497454,0.7,0.08,10,200,31,"{'colsample_bytree': 0.7, 'learning_rate': 0.08, 'min_child_samples': 10, 'n_estimators': 200, 'num_leaves': 31}",0.9022105657549644,0.9169646930695983,0.9021861618210503,0.8269537480063796,0.9447579447579448,0.8986146226819874,0.03905611069503705,20,1.0,1.0,1.0,1.0,1.0,1.0,0.0,0.8900546384561729,0.9127622377622377,0.8980253375364302,0.7933741747457325,0.9677927793968952,0.8924018335794937,0.05646583233340939,17,1.0,1.0,1.0,1.0,1.0,1.0,0.0,0.9655172413793104,0.9700460829493087,0.9654377880184332,0.9447004608294931,0.9792626728110599,0.964992849197521,0.011326226385740932,19,1.0,1.0,1.0,1.0,1.0,1.0,0.0
2.0099894046783446,0.04729637035107491,0.02821040153503418,0.0026606799316052435,0.7,0.08,10,200,63,"{'colsample_bytree': 0.7, 'learning_rate': 0.08, 'min_child_samples': 10, 'n_estimators': 200, 'num_leaves': 63}",0.886789853186571,0.9241258741258742,0.8945578231292517,0.8374974470692356,0.9311419134297789,0.8948225821881424,0.033252195985229396,30,1.0,1.0,1.0,1.0,1.0,1.0,0.0,0.8673273657289002,0.9241258741258742,0.886397430559686,0.7959317195027658,0.9445369654434068,0.8836638710721265,0.05160230902342813,40,1.0,1.0,1.0,1.0,1.0,1.0,0.0,0.960919540229885,0.9723502304147466,0.9631336405529954,0.9493087557603687,0.9746543778801844,0.964073308967636,0.00904751582883007,27,1.0,1.0,1.0,1.0,1.0,1.0,0.0
1.3408799171447754,0.0982946526913163,0.02483839988708496,0.0013823784262587803,0.7,0.08,10,400,15,"{'colsample_bytree': 0.7, 'learning_rate': 0.08, 'min_child_samples': 10, 'n_estimators': 400, 'num_leaves': 15}",0.9022105657549644,0.9297393556742756,0.9000844140894789,0.8374974470692356,0.9425140182789526,0.9024091601733814,0.03626103587047034,5,1.0,1.0,1.0,1.0,1.0,1.0,0.0,0.8900546384561729,0.9254079254079255,0.8876762029382026,0.7959317195027658,0.9470945102004401,0.8892329993011014,0.05170069098225375,29,1.0,1.0,1.0,1.0,1.0,1.0,0.0,0.9655172413793104,0.9746543778801844,0.9654377880184332,0.9493087557603687,0.9792626728110599,0.9668361671698713,0.010261068573706096,3,1.0,1.0,1.0,1.0,1.0,1.0,0.0
1.400687837600708,0.07536685639950674,0.02742934226989746,0.006652264400956609,0.7,0.08,10,400,31,"{'colsample_bytree': 0.7, 'learning_rate': 0.08, 'min_child_samples': 10, 'n_estimators': 400, 'num_leaves': 31}",0.8945837877135587,0.9169646930695983,0.8967465651579135,0.8374974470692356,0.9380177092259354,0.8967620404472483,0.033547621173709706,25,1.0,1.0,1.0,1.0,1.0,1.0,0.0,0.8786910020925366,0.9127622377622377,0.8967465651579135,0.7959317195027658,0.956164872420151,0.8880592793871209,0.052724432284550135,36,1.0,1.0,1.0,1.0,1.0,1.0,0.0,0.9632183908045977,0.9700460829493087,0.9631336405529954,0.9493087557603687,0.9769585253456221,0.9645330790825785,0.009167898129406663,20,1.0,1.0,1.0,1.0,1.0,1.0,0.0
2.8008327960968016,0.16512216384934528,0.042846393585205075,0.0036165414338418284,0.7,0.08,10,400,63,"{'colsample_bytree': 0.7, 'learning_rate': 0.08, 'min_child_samples': 10, 'n_estimators': 400, 'num_leaves': 63}",0.886789853186571,0.9241258741258742,0.8891443167305236,0.8374974470692356,0.9311419134297789,0.8937398809083967,0.03333122884066123,32,1.0,1.0,1.0,1.0,1.0,1.0,0.0,0.8673273657289002,0.9241258741258742,0.8851186581811693,0.7959317195027658,0.9445369654434068,0.8834081165964232,0.05159129478710194,41,1.0,1.0,1.0,1.0,1.0,1.0,0.0,0.960919540229885,0.9723502304147466,0.9608294930875576,0.9493087557603687,0.9746543778801844,0.9636124794745484,0.0091418297839167,29,1.0,1.0,1.0,1.0,1.0,1.0,0.0
0.9650693416595459,0.09460925936505449,0.02278933525085449,0.004795295257215441,0.7,0.08,30,200,15,"{'colsample_bytree': 0.7, 'learning_rate': 0.08, 'min_child_samples': 30, 'n_estimators': 200, 'num_leaves': 15}",0.8967726625533934,0.9367715617715617,0.8867623359680761,0.8450503083414476,0.9436615655334555,0.9018036868335869,0.03590914562717994,6,1.0,1.0,1.0,1.0,1.0,1.0,0.0,0.8887758660776564,0.9367715617715617,0.8747695235829418,0.8166299886992209,0.9574436447986676,0.8948781169860096,0.04946487351982361,14,1.0,1.0,1.0,1.0,1.0,1.0,0.0,0.9632183908045977,0.9769585253456221,0.9608294930875576,0.9493087557603687,0.9792626728110599,0.9659155675618413,0.01103649626806797,6,1.0,1.0,1.0,1.0,1.0,1.0,0.0
1.3933627128601074,0.10145203007696597,0.025152254104614257,0.0013799706194044614,0.7,0.08,30,200,31,"{'colsample_bytree': 0.7, 'learning_rate': 0.08, 'min_child_samples': 30, 'n_estimators': 200, 'num_leaves': 31}",0.889171974522293,0.9256212510711226,0.8813775510204082,0.8398549678330205,0.9311419134297789,0.8934335315753247,0.03314254479295887,35,1.0,1.0,1.0,1.0,1.0,1.0,0.0,0.87741222971402,0.9342074592074592,0.8734907512044252,0.8153512163207042,0.9445369654434068,0.888999724378003,0.04674831644908681,30,1.0,1.0,1.0,1.0,1.0,1.0,0.0,0.960919540229885,0.9723502304147466,0.9585253456221198,0.9470046082949308,0.9746543778801844,0.9626908204883733,0.010029723557367663,33,1.0,1.0,1.0,1.0,1.0,1.0,0.0
2.2711436271667482,0.06757256504969036,0.03444342613220215,0.0028134205749843293,0.7,0.08,30,200,63,"{'colsample_bytree': 0.7, 'learning_rate': 0.08, 'min_child_samples': 30, 'n_estimators': 200, 'num_leaves': 63}",0.8945837877135587,0.9436615655334555,0.876102471639997,0.8361107918630042,0.9380177092259354,0.8976952651951902,0.040018439851245605,23,1.0,1.0,1.0,1.0,1.0,1.0,0.0,0.8786910020925366,0.9481351981351982,0.8722119788259086,0.8050020817224767,0.956164872420151,0.8920410266392544,0.05550786592611241,18,1.0,1.0,1.0,1.0,1.0,1.0,0.0,0.9632183908045977,0.9792626728110599,0.956221198156682,0.9470046082949308,0.9769585253456221,0.9645330790825785,0.012242677029064055,20,1.0,1.0,1.0,1.0,1.0,1.0,0.0
1.341053581237793,0.12277457710039602,0.030480670928955077,0.005072501407719102,0.7,0.08,30,400,15,"{'colsample_bytree': 0.7, 'learning_rate': 0.08, 'min_child_samples': 30, 'n_estimators': 400, 'num_leaves': 15}",0.8945837877135587,0.9297393556742756,0.8867623359680761,0.8646132628433514,0.9425140182789526,0.9036425520956428,0.028573842473298725,3,1.0,1.0,1.0,1.0,1.0,1.0,0.0,0.8786910020925366,0.9254079254079255,0.8747695235829418,0.8308154404329983,0.9470945102004401,0.8913556803433685,0.04090718241936482,20,1.0,1.0,1.0,1.0,1.0,1.0,0.0,0.9632183908045977,0.9746543778801844,0.9608294930875576,0.956221198156682,0.9792626728110599,0.9668372265480164,0.008687789846228745,1,1.0,1.0,1.0,1.0,1.0,1.0,0.0
1.5603496551513671,0.07240319309858424,0.035379552841186525,0.006255828126291954,0.7,0.08,30,400,31,"{'colsample_bytree': 0.7, 'learning_rate': 0.08, 'min_child_samples': 30, 'n_estimators': 400, 'num_leaves': 31}",0.8945837877135587,0.9311419134297789,0.8867623359680761,0.8450503083414476,0.9367715617715617,0.8988619814448846,0.03328522439147006,16,1.0,1.0,1.0,1.0,1.0,1.0,0.0,0.8786910020925366,0.9354895104895105,0.8747695235829418,0.8166299886992209,0.9458157378219234,0.8902791525372266,0.046748950632765664,26,1.0,1.0,1.0,1.0,1.0,1.0,0.0,0.9632183908045977,0.9746543778801844,0.9608294930875576,0.9493087557603687,0.9769585253456221,0.9649939085756662,0.010029910868872796,16,1.0,1.0,1.0,1.0,1.0,1.0,0.0
2.4333755493164064,0.0886590894206364,0.04234776496887207,0.00458585534965041,0.7,0.08,30,400,63,"{'colsample_bytree': 0.7, 'learning_rate': 0.08, 'min_child_samples': 30, 'n_estimators': 400, 'num_leaves': 63}",0.8945837877135587,0.9367715617715617,0.8945578231292517,0.8269537480063796,0.9311419134297789,0.896801766810106,0.03915489911733329,24,1.0,1.0,1.0,1.0,1.0,1.0,0.0,0.8786910020925366,0.9367715617715617,0.886397430559686,0.7933741747457325,0.9445369654434068,0.8879542269225847,0.054070982419809094,37,1.0,1.0,1.0,1.0,1.0,1.0,0.0,0.9632183908045977,0.9769585253456221,0.9631336405529954,0.9447004608294931,0.9746543778801844,0.9645330790825785,0.011435488484757967,20,1.0,1.0,1.0,1.0,1.0,1.0,0.0
0.9708195686340332,0.09980608884996411,0.026627635955810545,0.024032396415824112,1.0,0.03,10,200,15,"{'colsample_bytree': 1.0, 'learning_rate': 0.03, 'min_child_samples': 10, 'n_estimators': 200, 'num_leaves': 15}",0.9061272640952971,0.9164879872450382,0.891415367860244,0.807233502538071,0.9079299079299079,0.8858388059337117,0.04012206974191756,44,1.0,1.0,1.0,1.0,1.0,1.0,0.0,0.9102243664264125,0.9417249417249417,0.8954677927793969,0.788259085231666,0.9290727413311128,0.8929497854987059,0.05467865768699963,16,1.0,1.0,1.0,1.0,1.0,1.0,0.0,0.9655172413793104,0.967741935483871,0.9608294930875576,0.9354838709677419,0.9654377880184332,0.9590020657873829,0.01197243779731168,45,1.0,1.0,1.0,1.0,1.0,1.0,0.0
2.0992648601531982,0.09037073679658696,0.020697307586669923,0.0009428399903503501,1.0,0.03,10,200,31,"{'colsample_bytree': 1.0, 'learning_rate': 0.03, 'min_child_samples': 10, 'n_estimators': 200, 'num_leaves': 31}",0.8838692453725676,0.9202059202059202,0.8787935207596351,0.8321647751155947,0.9311419134297789,0.8892350749766994,0.034957727819152455,40,1.0,1.0,1.0,1.0,1.0,1.0,0.0,0.8761334573355033,0.9329254079254079,0.8631416166061976,0.794652947124249,0.9445369654434068,0.882278078886953,0.05389516708025581,45,1.0,1.0,1.0,1.0,1.0,1.0,0.0,0.9586206896551724,0.9700460829493087,0.9585253456221198,0.9470046082949308,0.9746543778801844,0.9617702208803431,0.009725877564347018,37,1.0,1.0,1.0,1.0,1.0,1.0,0.0
3.4673041820526125,0.1789898543198153,0.03674802780151367,0.007028212469126307,1.0,0.03,10,200,63,"{'colsample_bytree': 1.0, 'learning_rate': 0.03, 'min_child_samples': 10, 'n_estimators': 200, 'num_leaves': 63}",0.8862183213206232,0.9027341999103541,0.8867623359680761,0.8269537480063796,0.9202059202059202,0.8845749050822705,0.0313911218052881,45,1.0,1.0,1.0,1.0,1.0,1.0,0.0,0.8862183213206232,0.918997668997669,0.8747695235829418,0.7933741747457325,0.9419794206863736,0.883067821866668,0.050764688761817535,43,1.0,1.0,1.0,1.0,1.0,1.0,0.0,0.9586206896551724,0.9631336405529954,0.9608294930875576,0.9447004608294931,0.9700460829493087,0.9594660734149054,0.008318468036699358,43,1.0,1.0,1.0,1.0,1.0,1.0,0.0
2.472965860366821,0.27115456313268943,0.032052040100097656,0.012132731671479277,1.0,0.03,10,400,15,"{'colsample_bytree': 1.0, 'learning_rate': 0.03, 'min_child_samples': 10, 'n_estimators': 400, 'num_leaves': 15}",0.9096760797342193,0.9324819324819325,0.9077380952380952,0.8518587475951096,0.9186222613261024,0.9040754232750917,0.027531451107236732,1,1.0,1.0,1.0,1.0,1.0,1.0,0.0,0.9014182748198094,0.9455710955710955,0.8993041099149468,0.837328257895676,0.931630286088146,0.9030504048579348,0.03731197642968597,3,1.0,1.0,1.0,1.0,1.0,1.0,0.0,0.967816091954023,0.9746543778801844,0.967741935483871,0.9493087557603687,0.9700460829493087,0.9659134488055511,0.008673658416860455,9,1.0,1.0,1.0,1.0,1.0,1.0,0.0
3.8638712406158446,0.2854931117311734,0.0499779224395752,0.015005763727555953,1.0,0.03,10,400,31,"{'colsample_bytree': 1.0, 'learning_rate': 0.03, 'min_child_samples': 10, 'n_estimators': 400, 'num_leaves': 31}",0.889171974522293,0.9186222613261024,0.9114938742215319,0.8429568363918325,0.9311419134297789,0.8986773719783077,0.03101979516160962,19,1.0,1.0,1.0,1.0,1.0,1.0,0.0,0.87741222971402,0.9228438228438228,0.8902337476952358,0.7972104918812823,0.9445369654434068,0.8864474515155536,0.05051394601646411,38,1.0,1.0,1.0,1.0,1.0,1.0,0.0,0.960919540229885,0.9700460829493087,0.9700460829493087,0.9516129032258065,0.9746543778801844,0.9654557974468986,0.008233573633971512,11,1.0,1.0,1.0,1.0,1.0,1.0,0.0
7.1588921546936035,0.3878560472054373,0.0590787410736084,0.006911714834985057,1.0,0.03,10,400,63,"{'colsample_bytree': 1.0, 'learning_rate': 0.03, 'min_child_samples': 10, 'n_estimators': 400, 'num_leaves': 63}",0.8814067611777535,0.9114801864801865,0.9000844140894789,0.8321647751155947,0.9380177092259354,0.8926307692177897,0.03536367196872432,36,1.0,1.0,1.0,1.0,1.0,1.0,0.0,0.8660485933503836,0.9114801864801865,0.8876762029382026,0.794652947124249,0.956164872420151,0.8832045604626344,0.053438617434285206,42,1.0,1.0,1.0,1.0,1.0,1.0,0.0,0.9586206896551724,0.967741935483871,0.9654377880184332,0.9470046082949308,0.9769585253456221,0.963152709359606,0.009981818537047635,31,1.0,1.0,1.0,1.0,1.0,1.0,0.0
1.0421367645263673,0.08201944451818888,0.023869895935058595,0.009262230548802422,1.0,0.03,30,200,15,"{'colsample_bytree': 1.0, 'learning_rate': 0.03, 'min_child_samples': 30, 'n_estimators': 200, 'num_leaves': 15}",0.8735832606800349,0.91801597582038,0.8786407052555669,0.8239350912778904,0.9270506499327655,0.8842451365933277,0.036756409968636564,46,0.9936450992953235,0.992076980549603,0.9814065510597303,0.9874811713068734,0.9952461883297619,0.9899711981082586,0.005006212220771864,0.892466868170193,0.9518065268065268,0.882561113424136,0.8205852614048652,0.9536073276631178,0.9002054194937678,0.04944697030031031,6,0.9987204094689699,0.9984015345268542,0.9961612284069098,0.9974408189379398,0.9990403071017274,0.9979528596884801,0.001043562363446804,0.9517241379310345,0.967741935483871,0.956221198156682,0.9377880184331797,0.9723502304147466,0.9571651040839028,0.012234573499216039,46,0.9976958525345622,0.9971214738054116,0.9930915371329879,0.9953943580886586,0.998272884283247,0.9963152211689733,0.0018776985235629791
2.4117094039916993,0.32418644457033685,0.045527410507202146,0.027830022059960102,1.0,0.03,30,200,31,"{'colsample_bytree': 1.0, 'learning_rate': 0.03, 'min_child_samples': 30, 'n_estimators': 200, 'num_leaves': 31}",0.883409273653176,0.9027341999103541,0.8786407052555669,0.8114565878483213,0.9270506499327655,0.8806582833200368,0.038574890792980286,48,0.9983990778097982,1.0,1.0,1.0,1.0,0.9996798155619597,0.0006403688760807213,0.8950244129272262,0.918997668997669,0.882561113424136,0.7986082198298936,0.9536073276631178,0.8897597485684086,0.05161299754403458,28,0.9996801023672425,1.0,1.0,1.0,1.0,0.9999360204734484,0.0001279590531030106,0.9563218390804598,0.9631336405529954,0.956221198156682,0.9354838709677419,0.9723502304147466,0.9567021558345251,0.01213933941828262,48,0.9994239631336406,1.0,1.0,1.0,1.0,0.9998847926267281,0.00023041474654377227
3.058197498321533,0.20678675636512342,0.033625030517578126,0.0032925127607405028,1.0,0.03,30,200,63,"{'colsample_bytree': 1.0, 'learning_rate': 0.03, 'min_child_samples': 30, 'n_estimators': 200, 'num_leaves': 63}",0.8784508773890689,0.9027341999103541,0.8786407052555669,0.8154761904761905,0.9324819324819325,0.8815567811026227,0.03853997587992355,47,0.9983990778097982,1.0,1.0,1.0,1.0,0.9996798155619597,0.0006403688760807213,0.8937456405487096,0.918997668997669,0.882561113424136,0.8089573544281211,0.9548861000416344,0.8918295754880541,0.048314824456841016,19,0.9996801023672425,1.0,1.0,1.0,1.0,0.9999360204734484,0.0001279590531030106,0.9540229885057471,0.9631336405529954,0.956221198156682,0.9354838709677419,0.9746543778801844,0.9567032152126702,0.012816170543501612,47,0.9994239631336406,1.0,1.0,1.0,1.0,0.9998847926267281,0.00023041474654377227
1.7888808250427246,0.06904631767139847,0.03062920570373535,0.0047699946464075825,1.0,0.03,30,400,15,"{'colsample_bytree': 1.0, 'learning_rate': 0.03, 'min_child_samples': 30, 'n_estimators': 400, 'num_leaves': 15}",0.8967726625533934,0.9311419134297789,0.8813775510204082,0.8398549678330205,0.9447579447579448,0.8987810079189092,0.03725667427431774,18,1.0,1.0,1.0,1.0,1.0,1.0,0.0,0.8887758660776564,0.9354895104895105,0.8734907512044252,0.8153512163207042,0.9677927793968952,0.8961800246978383,0.052491034032474834,11,1.0,1.0,1.0,1.0,1.0,1.0,0.0,0.9632183908045977,0.9746543778801844,0.9585253456221198,0.9470046082949308,0.9792626728110599,0.9645330790825785,0.011527967518258643,20,1.0,1.0,1.0,1.0,1.0,1.0,0.0
3.181942272186279,0.061831982463980806,0.0469414234161377,0.006473861410980554,1.0,0.03,30,400,31,"{'colsample_bytree': 1.0, 'learning_rate': 0.03, 'min_child_samples': 30, 'n_estimators': 400, 'num_leaves': 31}",0.8814067611777535,0.9186222613261024,0.8867623359680761,0.8120036578909371,0.9311419134297789,0.8859873859585295,0.04147081173810768,43,1.0,1.0,1.0,1.0,1.0,1.0,0.0,0.8660485933503836,0.9228438228438228,0.8747695235829418,0.7895378576101826,0.9445369654434068,0.8795473525661475,0.05367492422505589,47,1.0,1.0,1.0,1.0,1.0,1.0,0.0,0.9586206896551724,0.9700460829493087,0.9608294930875576,0.9377880184331797,0.9746543778801844,0.9603877324010804,0.012734877875659495,42,1.0,1.0,1.0,1.0,1.0,1.0,0.0
5.760373210906982,0.2810909441881956,0.07897839546203614,0.018499788728303566,1.0,0.03,30,400,63,"{'colsample_bytree': 1.0, 'learning_rate': 0.03, 'min_child_samples': 30, 'n_estimators': 400, 'num_leaves': 63}",0.8967726625533934,0.9202059202059202,0.8867623359680761,0.8259293128619788,0.9380177092259354,0.8935375881630607,0.03825422784874819,34,1.0,1.0,1.0,1.0,1.0,1.0,0.0,0.8887758660776564,0.9329254079254079,0.8747695235829418,0.8024445369654434,0.956164872420151,0.8910160413943199,0.05313124186447872,21,1.0,1.0,1.0,1.0,1.0,1.0,0.0,0.9632183908045977,0.9700460829493087,0.9608294930875576,0.9423963133640553,0.9769585253456221,0.9626897611102283,0.01160411282004773,34,1.0,1.0,1.0,1.0,1.0,1.0,0.0
0.9875112056732178,0.03896698106822888,0.020016574859619142,0.004462522140020074,1.0,0.08,10,200,15,"{'colsample_bytree': 1.0, 'learning_rate': 0.08, 'min_child_samples': 10, 'n_estimators': 200, 'num_leaves': 15}",0.8945837877135587,0.9380177092259354,0.8967465651579135,0.8347715736040608,0.9380177092259354,0.9004274689854807,0.03790632291531786,9,1.0,1.0,1.0,1.0,1.0,1.0,0.0,0.8786910020925366,0.9468531468531469,0.8967465651579135,0.8140724439421876,0.956164872420151,0.8985056060931871,0.05135513084090288,8,1.0,1.0,1.0,1.0,1.0,1.0,0.0,0.9632183908045977,0.9769585253456221,0.9631336405529954,0.9447004608294931,0.9769585253456221,0.964993908575666,0.011872162320336003,17,1.0,1.0,1.0,1.0,1.0,1.0,0.0
1.608048105239868,0.10739455781740782,0.020502281188964844,0.0017685630011682377,1.0,0.08,10,200,31,"{'colsample_bytree': 1.0, 'learning_rate': 0.08, 'min_child_samples': 10, 'n_estimators': 200, 'num_leaves': 31}",0.889171974522293,0.9311419134297789,0.9021861618210503,0.8429568363918325,0.9256212510711226,0.8982156274472155,0.031579408813857,21,1.0,1.0,1.0,1.0,1.0,1.0,0.0,0.87741222971402,0.9354895104895105,0.8980253375364302,0.7972104918812823,0.9432581930648902,0.8902791525372267,0.05241772960111304,25,1.0,1.0,1.0,1.0,1.0,1.0,0.0,0.960919540229885,0.9746543778801844,0.9654377880184332,0.9516129032258065,0.9723502304147466,0.9649949679538112,0.008285999554936595,15,1.0,1.0,1.0,1.0,1.0,1.0,0.0
2.6170889854431154,0.06849652868512723,0.02848200798034668,0.0024474032952556592,1.0,0.08,10,200,63,"{'colsample_bytree': 1.0, 'learning_rate': 0.08, 'min_child_samples': 10, 'n_estimators': 200, 'num_leaves': 63}",0.8814067611777535,0.9256212510711226,0.9000844140894789,0.8613535098781,0.9297393556742756,0.8996410583781461,0.02599807854943431,13,1.0,1.0,1.0,1.0,1.0,1.0,0.0,0.8660485933503836,0.9342074592074592,0.8876762029382026,0.8204663058347708,0.9341878308451793,0.888517278435199,0.043150610808495075,34,1.0,1.0,1.0,1.0,1.0,1.0,0.0,0.9586206896551724,0.9723502304147466,0.9654377880184332,0.956221198156682,0.9746543778801844,0.9654568568250437,0.007268341340901154,10,1.0,1.0,1.0,1.0,1.0,1.0,0.0
1.5771456241607666,0.07759117442862237,0.025353050231933592,0.002485576203929933,1.0,0.08,10,400,15,"{'colsample_bytree': 1.0, 'learning_rate': 0.08, 'min_child_samples': 10, 'n_estimators': 400, 'num_leaves': 15}",0.886789853186571,0.9380177092259354,0.9000844140894789,0.8374974470692356,0.9380177092259354,0.9000814265594312,0.03734097884519501,11,1.0,1.0,1.0,1.0,1.0,1.0,0.0,0.8673273657289002,0.9468531468531469,0.8876762029382026,0.7959317195027658,0.956164872420151,0.8907906614886333,0.05826703132100368,22,1.0,1.0,1.0,1.0,1.0,1.0,0.0,0.960919540229885,0.9769585253456221,0.9654377880184332,0.9493087557603687,0.9769585253456221,0.9659166269399864,0.010439047736461449,5,1.0,1.0,1.0,1.0,1.0,1.0,0.0
2.0949315547943117,0.24921895775951394,0.029021692276000977,0.0021176452567692084,1.0,0.08,10,400,31,"{'colsample_bytree': 1.0, 'learning_rate': 0.08, 'min_child_samples': 10, 'n_estimators': 400, 'num_leaves': 31}",0.8945837877135587,0.9367715617715617,0.9021861618210503,0.8467591424968475,0.9380177092259354,0.9036636726057907,0.03346366701904038,2,1.0,1.0,1.0,1.0,1.0,1.0,0.0,0.8786910020925366,0.9367715617715617,0.8980253375364302,0.80755962647951,0.956164872420151,0.8954424800600378,0.05178026853802303,13,1.0,1.0,1.0,1.0,1.0,1.0,0.0,0.9632183908045977,0.9769585253456221,0.9654377880184332,0.9516129032258065,0.9769585253456221,0.9668372265480164,0.00950490188961402,1,1.0,1.0,1.0,1.0,1.0,1.0,0.0
3.314278745651245,0.2673558301759045,0.03599119186401367,0.007029334756262251,1.0,0.08,10,400,63,"{'colsample_bytree': 1.0, 'learning_rate': 0.08, 'min_child_samples': 10, 'n_estimators': 400, 'num_leaves': 63}",0.8814067611777535,0.9186222613261024,0.8945578231292517,0.8557947900053162,0.9436615655334555,0.8988086402343759,0.030250456660823575,17,1.0,1.0,1.0,1.0,1.0,1.0,0.0,0.8660485933503836,0.9228438228438228,0.886397430559686,0.8191875334562542,0.9574436447986676,0.8903842050017629,0.04738708191139239,24,1.0,1.0,1.0,1.0,1.0,1.0,0.0,0.9586206896551724,0.9700460829493087,0.9631336405529954,0.9539170506912442,0.9792626728110599,0.9649960273319561,0.00889828492888032,14,1.0,1.0,1.0,1.0,1.0,1.0,0.0
1.0022508144378661,0.1272180708326659,0.02258896827697754,0.009666194218440385,1.0,0.08,30,200,15,"{'colsample_bytree': 1.0, 'learning_rate': 0.08, 'min_child_samples': 30, 'n_estimators': 200, 'num_leaves': 15}",0.8967726625533934,0.9425140182789526,0.8867623359680761,0.8321647751155947,0.9311419134297789,0.8978711410691591,0.03883778961704196,22,1.0,1.0,1.0,1.0,1.0,1.0,0.0,0.8887758660776564,0.938053613053613,0.8747695235829418,0.794652947124249,0.9445369654434068,0.8881577830563734,0.0540203441654835,35,1.0,1.0,1.0,1.0,1.0,1.0,0.0,0.9632183908045977,0.9792626728110599,0.9608294930875576,0.9470046082949308,0.9746543778801844,0.964993908575666,0.011322826893424046,17,1.0,1.0,1.0,1.0,1.0,1.0,0.0
1.4370893478393554,0.01021001874830995,0.02524991035461426,0.0029232799685475707,1.0,0.08,30,200,31,"{'colsample_bytree': 1.0, 'learning_rate': 0.08, 'min_child_samples': 30, 'n_estimators': 200, 'num_leaves': 31}",0.8788225826420701,0.9297393556742756,0.876102471639997,0.8347715736040608,0.9367715617715617,0.8912415090663931,0.03775538025667341,37,1.0,1.0,1.0,1.0,1.0,1.0,0.0,0.8559637293652639,0.9254079254079255,0.8722119788259086,0.8140724439421876,0.9458157378219234,0.8826943630726417,0.047627998699609826,44,1.0,1.0,1.0,1.0,1.0,1.0,0.0,0.9586206896551724,0.9746543778801844,0.956221198156682,0.9447004608294931,0.9769585253456221,0.9622310503734308,0.012064097010035206,35,1.0,1.0,1.0,1.0,1.0,1.0,0.0
2.3481203079223634,0.053515211185905374,0.030858945846557618,0.002250883662186446,1.0,0.08,30,200,63,"{'colsample_bytree': 1.0, 'learning_rate': 0.08, 'min_child_samples': 30, 'n_estimators': 200, 'num_leaves': 63}",0.9077608142493638,0.9367715617715617,0.8813775510204082,0.8398549678330205,0.9504141673807484,0.9032358124510205,0.039663167687164436,4,1.0,1.0,1.0,1.0,1.0,1.0,0.0,0.8913334108346895,0.9367715617715617,0.8734907512044252,0.8153512163207042,0.9690715517754118,0.8972036983813585,0.052966399016586486,10,1.0,1.0,1.0,1.0,1.0,1.0,0.0,0.967816091954023,0.9769585253456221,0.9585253456221198,0.9470046082949308,0.9815668202764977,0.9663742782986386,0.012503665895492436,4,1.0,1.0,1.0,1.0,1.0,1.0,0.0
1.41135573387146,0.025977680470310696,0.027491998672485352,0.002562805906552346,1.0,0.08,30,400,15,"{'colsample_bytree': 1.0, 'learning_rate': 0.08, 'min_child_samples': 30, 'n_estimators': 400, 'num_leaves': 15}",0.8945837877135587,0.9425140182789526,0.8867623359680761,0.8467591424968475,0.9311419134297789,0.9003522395774428,0.03410513207983884,10,1.0,1.0,1.0,1.0,1.0,1.0,0.0,0.8786910020925366,0.938053613053613,0.8747695235829418,0.80755962647951,0.9445369654434068,0.8887221461304016,0.04986289563689813,32,1.0,1.0,1.0,1.0,1.0,1.0,0.0,0.9632183908045977,0.9792626728110599,0.9608294930875576,0.9516129032258065,0.9746543778801844,0.9659155675618413,0.009921906545022046,6,1.0,1.0,1.0,1.0,1.0,1.0,0.0
1.7726031303405763,0.037810133096555155,0.0295867919921875,0.0013199001980497827,1.0,0.08,30,400,31,"{'colsample_bytree': 1.0, 'learning_rate': 0.08, 'min_child_samples': 30, 'n_estimators': 400, 'num_leaves': 31}",0.886789853186571,0.9225599238684351,0.8867623359680761,0.8503620273531778,0.9297393556742756,0.895242699210107,0.02861430391669239,29,1.0,1.0,1.0,1.0,1.0,1.0,0.0,0.8673273657289002,0.914044289044289,0.8747695235829418,0.8179087610777375,0.9341878308451793,0.8816475540558095,0.04031138288429891,46,1.0,1.0,1.0,1.0,1.0,1.0,0.0,0.960919540229885,0.9723502304147466,0.9608294930875576,0.9516129032258065,0.9746543778801844,0.964073308967636,0.008440340727006446,27,1.0,1.0,1.0,1.0,1.0,1.0,0.0
2.6235501289367678,0.11435035357411724,0.045182323455810545,0.01778726733838565,1.0,0.08,30,400,63,"{'colsample_bytree': 1.0, 'learning_rate': 0.08, 'min_child_samples': 30, 'n_estimators': 400, 'num_leaves': 63}",0.9077608142493638,0.9297393556742756,0.8867623359680761,0.8413742690058479,0.9367715617715617,0.9004816673338251,0.03437399987017044,8,1.0,1.0,1.0,1.0,1.0,1.0,0.0,0.8913334108346895,0.9254079254079255,0.8747695235829418,0.8062808541009933,0.9458157378219234,0.8887214903496947,0.04817382198263513,33,1.0,1.0,1.0,1.0,1.0,1.0,0.0,0.967816091954023,0.9746543778801844,0.9608294930875576,0.9493087557603687,0.9769585253456221,0.9659134488055512,0.010035736591615706,8,1.0,1.0,1.0,1.0,1.0,1.0,0.0
